symbol,date,pe,market,currency
000651.SZ,2016-02-29,8.1,CN,CNY
000651.SZ,2016-03-05,8.1,CN,CNY
000651.SZ,2016-03-10,8.1,CN,CNY
000651.SZ,2016-03-15,8.1,CN,CNY
000651.SZ,2016-03-20,8.1,CN,CNY
000651.SZ,2016-03-25,8.1,CN,CNY
000651.SZ,2016-03-30,8.1,CN,CNY
000651.SZ,2016-04-04,8.1,CN,CNY
000651.SZ,2016-04-09,8.1,CN,CNY
000651.SZ,2016-04-14,8.1,CN,CNY
000651.SZ,2016-04-19,8.1,CN,CNY
000651.SZ,2016-04-24,8.1,CN,CNY
000651.SZ,2016-04-29,9.23,CN,CNY
000651.SZ,2016-05-04,8.95,CN,CNY
000651.SZ,2016-05-09,8.95,CN,CNY
000651.SZ,2016-05-14,8.95,CN,CNY
000651.SZ,2016-05-19,8.95,CN,CNY
000651.SZ,2016-05-24,8.95,CN,CNY
000651.SZ,2016-05-29,8.95,CN,CNY
000651.SZ,2016-06-03,8.95,CN,CNY
000651.SZ,2016-06-08,8.95,CN,CNY
000651.SZ,2016-06-13,8.95,CN,CNY
000651.SZ,2016-06-18,8.95,CN,CNY
000651.SZ,2016-06-23,8.95,CN,CNY
000651.SZ,2016-06-28,8.95,CN,CNY
000651.SZ,2016-07-03,8.95,CN,CNY
000651.SZ,2016-07-08,8.25,CN,CNY
000651.SZ,2016-07-13,8.25,CN,CNY
000651.SZ,2016-07-18,8.25,CN,CNY
000651.SZ,2016-07-23,8.25,CN,CNY
000651.SZ,2016-07-28,8.25,CN,CNY
000651.SZ,2016-08-02,8.25,CN,CNY
000651.SZ,2016-08-07,8.25,CN,CNY
000651.SZ,2016-08-12,8.25,CN,CNY
000651.SZ,2016-08-17,8.25,CN,CNY
000651.SZ,2016-08-22,8.07,CN,CNY
000651.SZ,2016-08-27,8.07,CN,CNY
000651.SZ,2016-09-01,8.07,CN,CNY
000651.SZ,2016-09-06,10.47,CN,CNY
000651.SZ,2016-09-11,10.13,CN,CNY
000651.SZ,2016-09-16,9.76,CN,CNY
000651.SZ,2016-09-21,10.02,CN,CNY
000651.SZ,2016-09-26,9.79,CN,CNY
000651.SZ,2016-10-01,10.12,CN,CNY
000651.SZ,2016-10-06,10.12,CN,CNY
000651.SZ,2016-10-11,10.07,CN,CNY
000651.SZ,2016-10-16,9.99,CN,CNY
000651.SZ,2016-10-21,10.22,CN,CNY
000651.SZ,2016-10-26,10.3,CN,CNY
000651.SZ,2016-10-31,9.76,CN,CNY
000651.SZ,2016-11-05,9.76,CN,CNY
000651.SZ,2016-11-10,9.76,CN,CNY
000651.SZ,2016-11-15,9.76,CN,CNY
000651.SZ,2016-11-20,9.81,CN,CNY
000651.SZ,2016-11-25,11.86,CN,CNY
000651.SZ,2016-11-30,12.4,CN,CNY
000651.SZ,2016-12-05,11.27,CN,CNY
000651.SZ,2016-12-10,11.76,CN,CNY
000651.SZ,2016-12-15,10.78,CN,CNY
000651.SZ,2016-12-20,10.46,CN,CNY
000651.SZ,2016-12-25,10.49,CN,CNY
000651.SZ,2016-12-30,10.73,CN,CNY
000651.SZ,2017-01-04,10.95,CN,CNY
000651.SZ,2017-01-09,10.78,CN,CNY
000651.SZ,2017-01-14,10.53,CN,CNY
000651.SZ,2017-01-19,10.84,CN,CNY
000651.SZ,2017-01-24,11.03,CN,CNY
000651.SZ,2017-01-29,11.23,CN,CNY
000651.SZ,2017-02-03,11.06,CN,CNY
000651.SZ,2017-02-08,11.04,CN,CNY
000651.SZ,2017-02-13,11.81,CN,CNY
000651.SZ,2017-02-18,11.94,CN,CNY
000651.SZ,2017-02-23,12.16,CN,CNY
000651.SZ,2017-02-28,11.95,CN,CNY
000651.SZ,2017-03-05,11.89,CN,CNY
000651.SZ,2017-03-10,12.62,CN,CNY
000651.SZ,2017-03-15,12.76,CN,CNY
000651.SZ,2017-03-20,12.75,CN,CNY
000651.SZ,2017-03-25,13.74,CN,CNY
000651.SZ,2017-03-30,13.38,CN,CNY
000651.SZ,2017-04-04,13.81,CN,CNY
000651.SZ,2017-04-09,13.86,CN,CNY
000651.SZ,2017-04-14,13.37,CN,CNY
000651.SZ,2017-04-19,14.47,CN,CNY
000651.SZ,2017-04-24,14.16,CN,CNY
000651.SZ,2017-04-29,12.2,CN,CNY
000651.SZ,2017-05-04,12.07,CN,CNY
000651.SZ,2017-05-09,11.52,CN,CNY
000651.SZ,2017-05-14,12.22,CN,CNY
000651.SZ,2017-05-19,12.23,CN,CNY
000651.SZ,2017-05-24,12.47,CN,CNY
000651.SZ,2017-05-29,12.59,CN,CNY
000651.SZ,2017-06-03,12.38,CN,CNY
000651.SZ,2017-06-08,13.4,CN,CNY
000651.SZ,2017-06-13,13.81,CN,CNY
000651.SZ,2017-06-18,13.3,CN,CNY
000651.SZ,2017-06-23,14.79,CN,CNY
000651.SZ,2017-06-28,14.92,CN,CNY
000651.SZ,2017-07-03,14.97,CN,CNY
000651.SZ,2017-07-08,14.2,CN,CNY
000651.SZ,2017-07-13,15.16,CN,CNY
000651.SZ,2017-07-18,14.87,CN,CNY
000651.SZ,2017-07-23,15.05,CN,CNY
000651.SZ,2017-07-28,14.63,CN,CNY
000651.SZ,2017-08-02,14.42,CN,CNY
000651.SZ,2017-08-07,14.2,CN,CNY
000651.SZ,2017-08-12,14.1,CN,CNY
000651.SZ,2017-08-17,14.07,CN,CNY
000651.SZ,2017-08-22,14.44,CN,CNY
000651.SZ,2017-08-27,14.66,CN,CNY
000651.SZ,2017-09-01,12.41,CN,CNY
000651.SZ,2017-09-06,12.44,CN,CNY
000651.SZ,2017-09-11,12.09,CN,CNY
000651.SZ,2017-09-16,12.36,CN,CNY
000651.SZ,2017-09-21,12.37,CN,CNY
000651.SZ,2017-09-26,12.51,CN,CNY
000651.SZ,2017-10-01,12.34,CN,CNY
000651.SZ,2017-10-06,12.34,CN,CNY
000651.SZ,2017-10-11,13.01,CN,CNY
000651.SZ,2017-10-16,12.86,CN,CNY
000651.SZ,2017-10-21,13.19,CN,CNY
000651.SZ,2017-10-26,13.97,CN,CNY
000651.SZ,2017-10-31,13.02,CN,CNY
000651.SZ,2017-11-05,12.8,CN,CNY
000651.SZ,2017-11-10,13.98,CN,CNY
000651.SZ,2017-11-15,13.92,CN,CNY
000651.SZ,2017-11-20,14.03,CN,CNY
000651.SZ,2017-11-25,13.93,CN,CNY
000651.SZ,2017-11-30,12.99,CN,CNY
000651.SZ,2017-12-05,13.01,CN,CNY
000651.SZ,2017-12-10,12.76,CN,CNY
000651.SZ,2017-12-15,13.2,CN,CNY
000651.SZ,2017-12-20,13.62,CN,CNY
000651.SZ,2017-12-25,13.9,CN,CNY
000651.SZ,2017-12-30,13.38,CN,CNY
000651.SZ,2018-01-04,14.26,CN,CNY
000651.SZ,2018-01-09,15.12,CN,CNY
000651.SZ,2018-01-14,16.32,CN,CNY
000651.SZ,2018-01-19,15.75,CN,CNY
000651.SZ,2018-01-24,17.07,CN,CNY
000651.SZ,2018-01-29,17.07,CN,CNY
000651.SZ,2018-02-03,16.99,CN,CNY
000651.SZ,2018-02-08,15.61,CN,CNY
000651.SZ,2018-02-13,16.04,CN,CNY
000651.SZ,2018-02-18,16.6,CN,CNY
000651.SZ,2018-02-23,16.55,CN,CNY
000651.SZ,2018-02-28,15.82,CN,CNY
000651.SZ,2018-03-05,15.8,CN,CNY
000651.SZ,2018-03-10,16.24,CN,CNY
000651.SZ,2018-03-15,16.47,CN,CNY
000651.SZ,2018-03-20,15.98,CN,CNY
000651.SZ,2018-03-25,14.96,CN,CNY
000651.SZ,2018-03-30,14.36,CN,CNY
000651.SZ,2018-04-04,14.33,CN,CNY
000651.SZ,2018-04-09,14.0,CN,CNY
000651.SZ,2018-04-14,14.52,CN,CNY
000651.SZ,2018-04-19,14.57,CN,CNY
000651.SZ,2018-04-24,15.36,CN,CNY
000651.SZ,2018-04-29,11.06,CN,CNY
000651.SZ,2018-05-04,11.52,CN,CNY
000651.SZ,2018-05-09,12.1,CN,CNY
000651.SZ,2018-05-14,12.19,CN,CNY
000651.SZ,2018-05-19,12.12,CN,CNY
000651.SZ,2018-05-24,11.45,CN,CNY
000651.SZ,2018-05-29,11.56,CN,CNY
000651.SZ,2018-06-03,11.69,CN,CNY
000651.SZ,2018-06-08,12.08,CN,CNY
000651.SZ,2018-06-13,12.52,CN,CNY
000651.SZ,2018-06-18,12.3,CN,CNY
000651.SZ,2018-06-23,12.06,CN,CNY
000651.SZ,2018-06-28,11.34,CN,CNY
000651.SZ,2018-07-03,11.19,CN,CNY
000651.SZ,2018-07-08,11.09,CN,CNY
000651.SZ,2018-07-13,11.66,CN,CNY
000651.SZ,2018-07-18,11.26,CN,CNY
000651.SZ,2018-07-23,11.17,CN,CNY
000651.SZ,2018-07-28,11.07,CN,CNY
000651.SZ,2018-08-02,10.32,CN,CNY
000651.SZ,2018-08-07,10.14,CN,CNY
000651.SZ,2018-08-12,10.22,CN,CNY
000651.SZ,2018-08-17,9.54,CN,CNY
000651.SZ,2018-08-22,9.86,CN,CNY
000651.SZ,2018-08-27,10.12,CN,CNY
000651.SZ,2018-09-01,9.1,CN,CNY
000651.SZ,2018-09-06,8.53,CN,CNY
000651.SZ,2018-09-11,8.46,CN,CNY
000651.SZ,2018-09-16,8.66,CN,CNY
000651.SZ,2018-09-21,9.31,CN,CNY
000651.SZ,2018-09-26,9.19,CN,CNY
000651.SZ,2018-10-01,9.39,CN,CNY
000651.SZ,2018-10-06,9.39,CN,CNY
000651.SZ,2018-10-11,8.65,CN,CNY
000651.SZ,2018-10-16,8.9,CN,CNY
000651.SZ,2018-10-21,9.02,CN,CNY
000651.SZ,2018-10-26,9.06,CN,CNY
000651.SZ,2018-10-31,8.16,CN,CNY
000651.SZ,2018-11-05,8.57,CN,CNY
000651.SZ,2018-11-10,8.28,CN,CNY
000651.SZ,2018-11-15,8.26,CN,CNY
000651.SZ,2018-11-20,8.14,CN,CNY
000651.SZ,2018-11-25,8.03,CN,CNY
000651.SZ,2018-11-30,7.9,CN,CNY
000651.SZ,2018-12-05,8.01,CN,CNY
000651.SZ,2018-12-10,7.68,CN,CNY
000651.SZ,2018-12-15,8.0,CN,CNY
000651.SZ,2018-12-20,7.78,CN,CNY
000651.SZ,2018-12-25,7.69,CN,CNY
000651.SZ,2018-12-30,7.65,CN,CNY
000651.SZ,2019-01-04,7.86,CN,CNY
000651.SZ,2019-01-09,8.04,CN,CNY
000651.SZ,2019-01-14,8.08,CN,CNY
000651.SZ,2019-01-19,8.35,CN,CNY
000651.SZ,2019-01-24,8.44,CN,CNY
000651.SZ,2019-01-29,8.81,CN,CNY
000651.SZ,2019-02-03,9.0,CN,CNY
000651.SZ,2019-02-08,9.0,CN,CNY
000651.SZ,2019-02-13,9.33,CN,CNY
000651.SZ,2019-02-18,9.45,CN,CNY
000651.SZ,2019-02-23,9.64,CN,CNY
000651.SZ,2019-02-28,9.6,CN,CNY
000651.SZ,2019-03-05,10.09,CN,CNY
000651.SZ,2019-03-10,9.54,CN,CNY
000651.SZ,2019-03-15,10.06,CN,CNY
000651.SZ,2019-03-20,9.99,CN,CNY
000651.SZ,2019-03-25,9.65,CN,CNY
000651.SZ,2019-03-30,10.12,CN,CNY
000651.SZ,2019-04-04,10.12,CN,CNY
000651.SZ,2019-04-09,11.13,CN,CNY
000651.SZ,2019-04-14,11.7,CN,CNY
000651.SZ,2019-04-19,13.94,CN,CNY
000651.SZ,2019-04-24,12.84,CN,CNY
000651.SZ,2019-04-29,13.16,CN,CNY
000651.SZ,2019-05-04,12.72,CN,CNY
000651.SZ,2019-05-09,11.85,CN,CNY
000651.SZ,2019-05-14,12.21,CN,CNY
000651.SZ,2019-05-19,12.54,CN,CNY
000651.SZ,2019-05-24,12.33,CN,CNY
000651.SZ,2019-05-29,12.38,CN,CNY
000651.SZ,2019-06-03,12.01,CN,CNY
000651.SZ,2019-06-08,12.03,CN,CNY
000651.SZ,2019-06-13,11.73,CN,CNY
000651.SZ,2019-06-18,11.68,CN,CNY
000651.SZ,2019-06-23,12.2,CN,CNY
000651.SZ,2019-06-28,12.58,CN,CNY
000651.SZ,2019-07-03,13.12,CN,CNY
000651.SZ,2019-07-08,12.92,CN,CNY
000651.SZ,2019-07-13,12.92,CN,CNY
000651.SZ,2019-07-18,12.45,CN,CNY
000651.SZ,2019-07-23,12.45,CN,CNY
000651.SZ,2019-07-28,12.69,CN,CNY
000651.SZ,2019-08-02,12.22,CN,CNY
000651.SZ,2019-08-07,11.5,CN,CNY
000651.SZ,2019-08-12,11.53,CN,CNY
000651.SZ,2019-08-17,11.73,CN,CNY
000651.SZ,2019-08-22,12.56,CN,CNY
000651.SZ,2019-08-27,12.66,CN,CNY
000651.SZ,2019-09-01,12.3,CN,CNY
000651.SZ,2019-09-06,13.03,CN,CNY
000651.SZ,2019-09-11,13.01,CN,CNY
000651.SZ,2019-09-16,13.06,CN,CNY
000651.SZ,2019-09-21,12.86,CN,CNY
000651.SZ,2019-09-26,12.77,CN,CNY
000651.SZ,2019-10-01,12.7,CN,CNY
000651.SZ,2019-10-06,12.7,CN,CNY
000651.SZ,2019-10-11,12.98,CN,CNY
000651.SZ,2019-10-16,13.08,CN,CNY
000651.SZ,2019-10-21,12.95,CN,CNY
000651.SZ,2019-10-26,12.66,CN,CNY
000651.SZ,2019-10-31,12.98,CN,CNY
000651.SZ,2019-11-05,14.17,CN,CNY
000651.SZ,2019-11-10,14.07,CN,CNY
000651.SZ,2019-11-15,13.02,CN,CNY
000651.SZ,2019-11-20,13.02,CN,CNY
000651.SZ,2019-11-25,12.78,CN,CNY
000651.SZ,2019-11-30,12.76,CN,CNY
000651.SZ,2019-12-05,13.77,CN,CNY
000651.SZ,2019-12-10,13.75,CN,CNY
000651.SZ,2019-12-15,13.93,CN,CNY
000651.SZ,2019-12-20,14.27,CN,CNY
000651.SZ,2019-12-25,14.24,CN,CNY
000651.SZ,2019-12-30,14.5,CN,CNY
000651.SZ,2020-01-04,14.84,CN,CNY
000651.SZ,2020-01-09,15.45,CN,CNY
000651.SZ,2020-01-14,15.44,CN,CNY
000651.SZ,2020-01-19,15.02,CN,CNY
000651.SZ,2020-01-24,14.14,CN,CNY
000651.SZ,2020-01-29,14.14,CN,CNY
000651.SZ,2020-02-03,13.0,CN,CNY
000651.SZ,2020-02-08,13.8,CN,CNY
000651.SZ,2020-02-13,13.91,CN,CNY
000651.SZ,2020-02-18,13.75,CN,CNY
000651.SZ,2020-02-23,13.85,CN,CNY
000651.SZ,2020-02-28,13.09,CN,CNY
000651.SZ,2020-03-04,13.23,CN,CNY
000651.SZ,2020-03-09,13.1,CN,CNY
000651.SZ,2020-03-14,12.59,CN,CNY
000651.SZ,2020-03-19,11.12,CN,CNY
000651.SZ,2020-03-24,11.31,CN,CNY
000651.SZ,2020-03-29,11.63,CN,CNY
000651.SZ,2020-04-03,11.49,CN,CNY
000651.SZ,2020-04-08,11.46,CN,CNY
000651.SZ,2020-04-13,12.5,CN,CNY
000651.SZ,2020-04-18,13.34,CN,CNY
000651.SZ,2020-04-23,13.38,CN,CNY
000651.SZ,2020-04-28,13.41,CN,CNY
000651.SZ,2020-05-03,16.01,CN,CNY
000651.SZ,2020-05-08,16.66,CN,CNY
000651.SZ,2020-05-13,17.07,CN,CNY
000651.SZ,2020-05-18,16.95,CN,CNY
000651.SZ,2020-05-23,16.26,CN,CNY
000651.SZ,2020-05-28,16.61,CN,CNY
000651.SZ,2020-06-02,16.98,CN,CNY
000651.SZ,2020-06-07,17.59,CN,CNY
000651.SZ,2020-06-12,17.22,CN,CNY
000651.SZ,2020-06-17,16.88,CN,CNY
000651.SZ,2020-06-22,16.74,CN,CNY
000651.SZ,2020-06-27,16.72,CN,CNY
000651.SZ,2020-07-02,17.01,CN,CNY
000651.SZ,2020-07-07,17.56,CN,CNY
000651.SZ,2020-07-12,17.24,CN,CNY
000651.SZ,2020-07-17,16.72,CN,CNY
000651.SZ,2020-07-22,17.4,CN,CNY
000651.SZ,2020-07-27,16.6,CN,CNY
000651.SZ,2020-08-01,16.63,CN,CNY
000651.SZ,2020-08-06,16.43,CN,CNY
000651.SZ,2020-08-11,16.33,CN,CNY
000651.SZ,2020-08-16,16.44,CN,CNY
000651.SZ,2020-08-21,15.85,CN,CNY
000651.SZ,2020-08-26,15.61,CN,CNY
000651.SZ,2020-08-31,18.94,CN,CNY
000651.SZ,2020-09-05,19.06,CN,CNY
000651.SZ,2020-09-10,18.98,CN,CNY
000651.SZ,2020-09-15,19.38,CN,CNY
000651.SZ,2020-09-20,19.34,CN,CNY
000651.SZ,2020-09-25,18.81,CN,CNY
000651.SZ,2020-09-30,18.52,CN,CNY
000651.SZ,2020-10-05,18.52,CN,CNY
000651.SZ,2020-10-10,19.03,CN,CNY
000651.SZ,2020-10-15,20.14,CN,CNY
000651.SZ,2020-10-20,20.04,CN,CNY
000651.SZ,2020-10-25,20.27,CN,CNY
000651.SZ,2020-10-30,20.31,CN,CNY
000651.SZ,2020-11-04,22.98,CN,CNY
000651.SZ,2020-11-09,24.96,CN,CNY
000651.SZ,2020-11-14,24.49,CN,CNY
000651.SZ,2020-11-19,25.09,CN,CNY
000651.SZ,2020-11-24,24.69,CN,CNY
000651.SZ,2020-11-29,24.64,CN,CNY
000651.SZ,2020-12-04,25.5,CN,CNY
000651.SZ,2020-12-09,23.14,CN,CNY
000651.SZ,2020-12-14,23.19,CN,CNY
000651.SZ,2020-12-19,22.68,CN,CNY
000651.SZ,2020-12-24,22.2,CN,CNY
000651.SZ,2020-12-29,22.5,CN,CNY
000651.SZ,2021-01-03,22.89,CN,CNY
000651.SZ,2021-01-08,23.91,CN,CNY
000651.SZ,2021-01-13,23.99,CN,CNY
000651.SZ,2021-01-18,23.56,CN,CNY
000651.SZ,2021-01-23,22.26,CN,CNY
000651.SZ,2021-01-28,21.17,CN,CNY
000651.SZ,2021-02-02,22.04,CN,CNY
000651.SZ,2021-02-07,21.78,CN,CNY
000651.SZ,2021-02-12,22.36,CN,CNY
000651.SZ,2021-02-17,22.36,CN,CNY
000651.SZ,2021-02-22,21.61,CN,CNY
000651.SZ,2021-02-27,21.8,CN,CNY
000651.SZ,2021-03-04,21.75,CN,CNY
000651.SZ,2021-03-09,21.43,CN,CNY
000651.SZ,2021-03-14,21.62,CN,CNY
000651.SZ,2021-03-19,22.17,CN,CNY
000651.SZ,2021-03-24,22.67,CN,CNY
000651.SZ,2021-03-29,23.09,CN,CNY
000651.SZ,2021-04-03,23.08,CN,CNY
000651.SZ,2021-04-08,22.86,CN,CNY
000651.SZ,2021-04-13,21.87,CN,CNY
000651.SZ,2021-04-18,16.52,CN,CNY
000651.SZ,2021-04-23,16.23,CN,CNY
000651.SZ,2021-04-28,15.75,CN,CNY
000651.SZ,2021-05-03,14.98,CN,CNY
000651.SZ,2021-05-08,14.89,CN,CNY
000651.SZ,2021-05-13,14.35,CN,CNY
000651.SZ,2021-05-18,14.48,CN,CNY
000651.SZ,2021-05-23,14.38,CN,CNY
000651.SZ,2021-05-28,14.25,CN,CNY
000651.SZ,2021-06-02,14.01,CN,CNY
000651.SZ,2021-06-07,13.84,CN,CNY
000651.SZ,2021-06-12,13.66,CN,CNY
000651.SZ,2021-06-17,13.68,CN,CNY
000651.SZ,2021-06-22,12.46,CN,CNY
000651.SZ,2021-06-27,13.06,CN,CNY
000651.SZ,2021-07-02,12.75,CN,CNY
000651.SZ,2021-07-07,12.55,CN,CNY
000651.SZ,2021-07-12,12.23,CN,CNY
000651.SZ,2021-07-17,12.5,CN,CNY
000651.SZ,2021-07-22,12.49,CN,CNY
000651.SZ,2021-07-27,11.69,CN,CNY
000651.SZ,2021-08-01,11.88,CN,CNY
000651.SZ,2021-08-06,11.94,CN,CNY
000651.SZ,2021-08-11,12.01,CN,CNY
000651.SZ,2021-08-16,12.0,CN,CNY
000651.SZ,2021-08-21,11.53,CN,CNY
000651.SZ,2021-08-26,10.27,CN,CNY
000651.SZ,2021-08-31,9.78,CN,CNY
000651.SZ,2021-09-05,9.66,CN,CNY
000651.SZ,2021-09-10,9.82,CN,CNY
000651.SZ,2021-09-15,9.28,CN,CNY
000651.SZ,2021-09-20,9.11,CN,CNY
000651.SZ,2021-09-25,9.02,CN,CNY
000651.SZ,2021-09-30,9.22,CN,CNY
000651.SZ,2021-10-05,9.22,CN,CNY
000651.SZ,2021-10-10,9.48,CN,CNY
000651.SZ,2021-10-15,9.3,CN,CNY
000651.SZ,2021-10-20,9.18,CN,CNY
000651.SZ,2021-10-25,9.37,CN,CNY
000651.SZ,2021-10-30,9.14,CN,CNY
000651.SZ,2021-11-04,9.08,CN,CNY
000651.SZ,2021-11-09,8.88,CN,CNY
000651.SZ,2021-11-14,8.69,CN,CNY
000651.SZ,2021-11-19,8.81,CN,CNY
000651.SZ,2021-11-24,8.76,CN,CNY
000651.SZ,2021-11-29,8.49,CN,CNY
000651.SZ,2021-12-04,8.58,CN,CNY
000651.SZ,2021-12-09,9.04,CN,CNY
000651.SZ,2021-12-14,8.88,CN,CNY
000651.SZ,2021-12-19,8.7,CN,CNY
000651.SZ,2021-12-24,8.73,CN,CNY
000651.SZ,2021-12-29,9.03,CN,CNY
000651.SZ,2022-01-03,9.08,CN,CNY
000651.SZ,2022-01-08,9.84,CN,CNY
000651.SZ,2022-01-13,9.59,CN,CNY
000651.SZ,2022-01-18,9.61,CN,CNY
000651.SZ,2022-01-23,9.59,CN,CNY
000651.SZ,2022-01-28,9.28,CN,CNY
000651.SZ,2022-02-02,9.28,CN,CNY
000651.SZ,2022-02-07,9.37,CN,CNY
000651.SZ,2022-02-12,9.78,CN,CNY
000651.SZ,2022-02-17,9.47,CN,CNY
000651.SZ,2022-02-22,9.3,CN,CNY
000651.SZ,2022-02-27,9.11,CN,CNY
000651.SZ,2022-03-04,8.79,CN,CNY
000651.SZ,2022-03-09,8.17,CN,CNY
000651.SZ,2022-03-14,8.1,CN,CNY
000651.SZ,2022-03-19,7.91,CN,CNY
000651.SZ,2022-03-24,7.86,CN,CNY
000651.SZ,2022-03-29,7.67,CN,CNY
000651.SZ,2022-04-03,8.1,CN,CNY
000651.SZ,2022-04-08,7.9,CN,CNY
000651.SZ,2022-04-13,7.84,CN,CNY
000651.SZ,2022-04-18,7.85,CN,CNY
000651.SZ,2022-04-23,7.84,CN,CNY
000651.SZ,2022-04-28,7.43,CN,CNY
000651.SZ,2022-05-03,7.81,CN,CNY
000651.SZ,2022-05-08,8.5,CN,CNY
000651.SZ,2022-05-13,8.39,CN,CNY
000651.SZ,2022-05-18,8.26,CN,CNY
000651.SZ,2022-05-23,8.11,CN,CNY
000651.SZ,2022-05-28,7.89,CN,CNY
000651.SZ,2022-06-02,7.89,CN,CNY
000651.SZ,2022-06-07,7.99,CN,CNY
000651.SZ,2022-06-12,7.9,CN,CNY
000651.SZ,2022-06-17,8.17,CN,CNY
000651.SZ,2022-06-22,8.04,CN,CNY
000651.SZ,2022-06-27,8.32,CN,CNY
000651.SZ,2022-07-02,8.37,CN,CNY
000651.SZ,2022-07-07,7.84,CN,CNY
000651.SZ,2022-07-12,8.33,CN,CNY
000651.SZ,2022-07-17,8.03,CN,CNY
000651.SZ,2022-07-22,8.09,CN,CNY
000651.SZ,2022-07-27,7.96,CN,CNY
000651.SZ,2022-08-01,7.87,CN,CNY
000651.SZ,2022-08-06,7.33,CN,CNY
000651.SZ,2022-08-11,7.35,CN,CNY
000651.SZ,2022-08-16,7.36,CN,CNY
000651.SZ,2022-08-21,7.26,CN,CNY
000651.SZ,2022-08-26,7.19,CN,CNY
000651.SZ,2022-08-31,7.17,CN,CNY
000651.SZ,2022-09-05,7.49,CN,CNY
000651.SZ,2022-09-10,7.79,CN,CNY
000651.SZ,2022-09-15,7.88,CN,CNY
000651.SZ,2022-09-20,7.68,CN,CNY
000651.SZ,2022-09-25,7.43,CN,CNY
000651.SZ,2022-09-30,7.28,CN,CNY
000651.SZ,2022-10-05,7.28,CN,CNY
000651.SZ,2022-10-10,7.23,CN,CNY
000651.SZ,2022-10-15,7.27,CN,CNY
000651.SZ,2022-10-20,6.89,CN,CNY
000651.SZ,2022-10-25,6.69,CN,CNY
000651.SZ,2022-10-30,6.78,CN,CNY
000651.SZ,2022-11-04,6.6,CN,CNY
000651.SZ,2022-11-09,6.62,CN,CNY
000651.SZ,2022-11-14,6.94,CN,CNY
000651.SZ,2022-11-19,6.95,CN,CNY
000651.SZ,2022-11-24,6.83,CN,CNY
000651.SZ,2022-11-29,7.11,CN,CNY
000651.SZ,2022-12-04,7.06,CN,CNY
000651.SZ,2022-12-09,7.42,CN,CNY
000651.SZ,2022-12-14,7.31,CN,CNY
000651.SZ,2022-12-19,7.19,CN,CNY
000651.SZ,2022-12-24,7.18,CN,CNY
000651.SZ,2022-12-29,7.04,CN,CNY
000651.SZ,2023-01-03,7.12,CN,CNY
000651.SZ,2023-01-08,7.47,CN,CNY
000651.SZ,2023-01-13,7.54,CN,CNY
000651.SZ,2023-01-18,7.71,CN,CNY
000651.SZ,2023-01-23,7.67,CN,CNY
000651.SZ,2023-01-28,7.67,CN,CNY
000651.SZ,2023-02-02,7.64,CN,CNY
000651.SZ,2023-02-07,7.54,CN,CNY
000651.SZ,2023-02-12,7.5,CN,CNY
000651.SZ,2023-02-17,7.44,CN,CNY
000651.SZ,2023-02-22,7.9,CN,CNY
000651.SZ,2023-02-27,7.71,CN,CNY
000651.SZ,2023-03-04,8.09,CN,CNY
000651.SZ,2023-03-09,8.02,CN,CNY
000651.SZ,2023-03-14,8.09,CN,CNY
000651.SZ,2023-03-19,8.21,CN,CNY
000651.SZ,2023-03-24,8.07,CN,CNY
000651.SZ,2023-03-29,7.91,CN,CNY
000651.SZ,2023-04-03,8.16,CN,CNY
000651.SZ,2023-04-08,8.16,CN,CNY
000651.SZ,2023-04-13,8.43,CN,CNY
000651.SZ,2023-04-18,8.88,CN,CNY
000651.SZ,2023-04-23,8.98,CN,CNY
000651.SZ,2023-04-28,8.61,CN,CNY
000651.SZ,2023-05-03,9.0,CN,CNY
000651.SZ,2023-05-08,7.92,CN,CNY
000651.SZ,2023-05-13,7.84,CN,CNY
000651.SZ,2023-05-18,7.86,CN,CNY
000651.SZ,2023-05-23,8.02,CN,CNY
000651.SZ,2023-05-28,7.87,CN,CNY
000651.SZ,2023-06-02,7.8,CN,CNY
000651.SZ,2023-06-07,7.89,CN,CNY
000651.SZ,2023-06-12,8.26,CN,CNY
000651.SZ,2023-06-17,8.49,CN,CNY
000651.SZ,2023-06-22,8.27,CN,CNY
000651.SZ,2023-06-27,8.44,CN,CNY
000651.SZ,2023-07-02,8.35,CN,CNY
000651.SZ,2023-07-07,8.35,CN,CNY
000651.SZ,2023-07-12,8.52,CN,CNY
000651.SZ,2023-07-17,8.44,CN,CNY
000651.SZ,2023-07-22,8.47,CN,CNY
000651.SZ,2023-07-27,8.74,CN,CNY
000651.SZ,2023-08-01,8.8,CN,CNY
000651.SZ,2023-08-06,8.8,CN,CNY
000651.SZ,2023-08-11,8.22,CN,CNY
000651.SZ,2023-08-16,8.2,CN,CNY
000651.SZ,2023-08-21,7.92,CN,CNY
000651.SZ,2023-08-26,7.93,CN,CNY
000651.SZ,2023-08-31,7.84,CN,CNY
000651.SZ,2023-09-05,8.09,CN,CNY
000651.SZ,2023-09-10,7.9,CN,CNY
000651.SZ,2023-09-15,7.88,CN,CNY
000651.SZ,2023-09-20,8.02,CN,CNY
000651.SZ,2023-09-25,8.03,CN,CNY
000651.SZ,2023-09-30,7.95,CN,CNY
000651.SZ,2023-10-05,7.95,CN,CNY
000651.SZ,2023-10-10,7.72,CN,CNY
000651.SZ,2023-10-15,7.62,CN,CNY
000651.SZ,2023-10-20,7.35,CN,CNY
000651.SZ,2023-10-25,7.33,CN,CNY
000651.SZ,2023-10-30,7.46,CN,CNY
000651.SZ,2023-11-04,7.28,CN,CNY
000651.SZ,2023-11-09,7.22,CN,CNY
000651.SZ,2023-11-14,7.02,CN,CNY
000651.SZ,2023-11-19,6.96,CN,CNY
000651.SZ,2023-11-24,7.07,CN,CNY
000651.SZ,2023-11-29,7.04,CN,CNY
000651.SZ,2023-12-04,7.02,CN,CNY
000651.SZ,2023-12-09,7.04,CN,CNY
000651.SZ,2023-12-14,7.1,CN,CNY
000651.SZ,2023-12-19,7.1,CN,CNY
000651.SZ,2023-12-24,6.86,CN,CNY
000651.SZ,2023-12-29,6.89,CN,CNY
000651.SZ,2024-01-03,6.81,CN,CNY
000651.SZ,2024-01-08,7.05,CN,CNY
000651.SZ,2024-01-13,7.2,CN,CNY
000651.SZ,2024-01-18,7.2,CN,CNY
000651.SZ,2024-01-23,7.06,CN,CNY
000651.SZ,2024-01-28,7.21,CN,CNY
000651.SZ,2024-02-02,7.62,CN,CNY
000651.SZ,2024-02-07,7.88,CN,CNY
000651.SZ,2024-02-12,7.74,CN,CNY
000651.SZ,2024-02-17,7.74,CN,CNY
000651.SZ,2024-02-22,8.2,CN,CNY
000651.SZ,2024-02-27,8.33,CN,CNY
000651.SZ,2024-03-03,8.57,CN,CNY
000651.SZ,2024-03-08,8.77,CN,CNY
000651.SZ,2024-03-13,8.46,CN,CNY
000651.SZ,2024-03-18,8.2,CN,CNY
000651.SZ,2024-03-23,8.17,CN,CNY
000651.SZ,2024-03-28,8.4,CN,CNY
000651.SZ,2024-04-02,8.56,CN,CNY
000651.SZ,2024-04-07,8.65,CN,CNY
000651.SZ,2024-04-12,8.18,CN,CNY
000651.SZ,2024-04-17,8.47,CN,CNY
000651.SZ,2024-04-22,8.47,CN,CNY
000651.SZ,2024-04-27,8.46,CN,CNY
000651.SZ,2024-05-02,8.02,CN,CNY
000651.SZ,2024-05-07,8.12,CN,CNY
000651.SZ,2024-05-12,8.23,CN,CNY
000651.SZ,2024-05-17,8.04,CN,CNY
000651.SZ,2024-05-22,7.91,CN,CNY
000651.SZ,2024-05-27,7.98,CN,CNY
000651.SZ,2024-06-01,7.75,CN,CNY
000651.SZ,2024-06-06,7.9,CN,CNY
000651.SZ,2024-06-11,7.72,CN,CNY
000651.SZ,2024-06-16,7.79,CN,CNY
000651.SZ,2024-06-21,7.56,CN,CNY
000651.SZ,2024-06-26,7.6,CN,CNY
000651.SZ,2024-07-01,7.4,CN,CNY
000651.SZ,2024-07-06,7.18,CN,CNY
000651.SZ,2024-07-11,7.36,CN,CNY
000651.SZ,2024-07-16,7.33,CN,CNY
000651.SZ,2024-07-21,7.47,CN,CNY
000651.SZ,2024-07-26,7.58,CN,CNY
000651.SZ,2024-07-31,7.62,CN,CNY
000651.SZ,2024-08-05,7.83,CN,CNY
000651.SZ,2024-08-10,7.67,CN,CNY
000651.SZ,2024-08-15,7.71,CN,CNY
000651.SZ,2024-08-20,7.8,CN,CNY
000651.SZ,2024-08-25,8.0,CN,CNY
000651.SZ,2024-08-30,7.56,CN,CNY
000651.SZ,2024-09-04,7.49,CN,CNY
000651.SZ,2024-09-09,7.19,CN,CNY
000651.SZ,2024-09-14,7.25,CN,CNY
000651.SZ,2024-09-19,7.51,CN,CNY
000651.SZ,2024-09-24,7.66,CN,CNY
000651.SZ,2024-09-29,8.2,CN,CNY
000651.SZ,2024-10-04,8.86,CN,CNY
000651.SZ,2024-10-09,8.86,CN,CNY
000651.SZ,2024-10-14,9.21,CN,CNY
000651.SZ,2024-10-19,8.69,CN,CNY
000651.SZ,2024-10-24,8.71,CN,CNY
000651.SZ,2024-10-29,8.56,CN,CNY
000651.SZ,2024-11-03,7.89,CN,CNY
000651.SZ,2024-11-08,8.03,CN,CNY
000651.SZ,2024-11-13,7.97,CN,CNY
000651.SZ,2024-11-18,7.77,CN,CNY
000651.SZ,2024-11-23,7.49,CN,CNY
000651.SZ,2024-11-28,7.54,CN,CNY
000651.SZ,2024-12-03,7.68,CN,CNY
000651.SZ,2024-12-08,7.67,CN,CNY
000651.SZ,2024-12-13,7.8,CN,CNY
000651.SZ,2024-12-18,7.88,CN,CNY
000651.SZ,2024-12-23,8.07,CN,CNY
000651.SZ,2024-12-28,8.17,CN,CNY
000651.SZ,2025-01-02,8.4,CN,CNY
000651.SZ,2025-01-07,8.28,CN,CNY
000651.SZ,2025-01-12,8.41,CN,CNY
000651.SZ,2025-01-17,8.34,CN,CNY
000651.SZ,2025-01-22,7.99,CN,CNY
000651.SZ,2025-01-27,8.14,CN,CNY
000651.SZ,2025-02-01,8.14,CN,CNY
000651.SZ,2025-02-06,7.91,CN,CNY
000651.SZ,2025-02-11,7.92,CN,CNY
000651.SZ,2025-02-16,7.98,CN,CNY
000651.SZ,2025-02-21,7.5,CN,CNY
000651.SZ,2025-02-26,7.42,CN,CNY
000651.SZ,2025-03-03,7.36,CN,CNY
000651.SZ,2025-03-08,7.59,CN,CNY
000651.SZ,2025-03-13,7.71,CN,CNY
000651.SZ,2025-03-18,7.94,CN,CNY
000651.SZ,2025-03-23,7.93,CN,CNY
000651.SZ,2025-03-28,8.21,CN,CNY
000651.SZ,2025-04-02,8.19,CN,CNY
000651.SZ,2025-04-07,7.85,CN,CNY
000651.SZ,2025-04-12,8.18,CN,CNY
000651.SZ,2025-04-17,8.16,CN,CNY
000651.SZ,2025-04-22,8.26,CN,CNY
000651.SZ,2025-04-27,8.2,CN,CNY
000651.SZ,2025-05-02,7.64,CN,CNY
000651.SZ,2025-05-07,7.73,CN,CNY
000651.SZ,2025-05-12,7.86,CN,CNY
000651.SZ,2025-05-17,7.64,CN,CNY
000651.SZ,2025-05-22,7.89,CN,CNY
000651.SZ,2025-05-27,7.74,CN,CNY
000651.SZ,2025-06-01,7.78,CN,CNY
000651.SZ,2025-06-06,7.52,CN,CNY
000651.SZ,2025-06-11,7.51,CN,CNY
000651.SZ,2025-06-16,7.48,CN,CNY
000651.SZ,2025-06-21,7.48,CN,CNY
000651.SZ,2025-06-26,7.63,CN,CNY
000651.SZ,2025-07-01,7.62,CN,CNY
000651.SZ,2025-07-06,7.84,CN,CNY
000651.SZ,2025-07-11,7.87,CN,CNY
000651.SZ,2025-07-16,7.96,CN,CNY
000651.SZ,2025-07-21,7.97,CN,CNY
000651.SZ,2025-07-26,7.85,CN,CNY
000651.SZ,2025-07-31,7.65,CN,CNY
000651.SZ,2025-08-05,7.83,CN,CNY
000651.SZ,2025-08-10,7.95,CN,CNY
000651.SZ,2025-08-15,8.01,CN,CNY
000651.SZ,2025-08-20,7.91,CN,CNY
000651.SZ,2025-08-25,8.06,CN,CNY
000651.SZ,2025-08-30,7.35,CN,CNY
000651.SZ,2025-09-04,7.11,CN,CNY
000651.SZ,2025-09-09,7.13,CN,CNY
000651.SZ,2025-09-14,7.08,CN,CNY
000651.SZ,2025-09-19,6.98,CN,CNY
000651.SZ,2025-09-24,6.9,CN,CNY
000651.SZ,2025-09-29,6.89,CN,CNY
000651.SZ,2025-10-04,6.85,CN,CNY
000651.SZ,2025-10-09,6.97,CN,CNY
000651.SZ,2025-10-14,7.0,CN,CNY
000651.SZ,2025-10-19,6.94,CN,CNY
000651.SZ,2025-10-24,6.99,CN,CNY
000651.SZ,2025-10-29,7.02,CN,CNY
000651.SZ,2025-11-03,6.99,CN,CNY
000651.SZ,2025-11-08,7.07,CN,CNY
000651.SZ,2025-11-13,7.25,CN,CNY
000651.SZ,2025-11-18,7.09,CN,CNY
000651.SZ,2025-11-23,7.12,CN,CNY
000651.SZ,2025-11-28,7.14,CN,CNY
000651.SZ,2025-12-03,7.21,CN,CNY
000651.SZ,2025-12-08,7.19,CN,CNY
000651.SZ,2025-12-13,7.2,CN,CNY
000651.SZ,2025-12-18,7.24,CN,CNY
000651.SZ,2025-12-23,7.23,CN,CNY
000651.SZ,2025-12-28,7.21,CN,CNY
000651.SZ,2026-01-02,7.11,CN,CNY
000651.SZ,2026-01-07,7.15,CN,CNY
000651.SZ,2026-01-12,7.17,CN,CNY
000651.SZ,2026-01-17,7.13,CN,CNY
000651.SZ,2026-01-22,7.22,CN,CNY
000651.SZ,2026-01-27,6.88,CN,CNY
000651.SZ,2026-02-01,6.84,CN,CNY
000651.SZ,2026-02-06,6.82,CN,CNY
000651.SZ,2026-02-11,6.85,CN,CNY
000651.SZ,2026-02-16,6.78,CN,CNY
000651.SZ,2026-02-21,6.78,CN,CNY
000651.SZ,2026-02-26,6.65,CN,CNY
