symbol,date,open,high,low,close,volume,turnover,market,currency
603019.SH,2024-01-02,39.39,40.08,39.09,39.11,,246385.0,CN,CNY
603019.SH,2024-01-03,39.1,39.36,37.9,38.42,,264739.0,CN,CNY
603019.SH,2024-01-04,38.2,38.96,37.9,38.94,,226438.0,CN,CNY
603019.SH,2024-01-05,38.68,38.75,37.0,37.23,,342918.0,CN,CNY
603019.SH,2024-01-08,37.0,37.0,35.8,35.8,,254990.0,CN,CNY
603019.SH,2024-01-09,36.0,36.47,34.8,35.39,,266248.0,CN,CNY
603019.SH,2024-01-10,35.29,35.3,34.27,34.3,,215305.0,CN,CNY
603019.SH,2024-01-11,34.27,35.43,34.26,35.34,,269921.0,CN,CNY
603019.SH,2024-01-12,35.02,35.21,34.26,34.28,,222824.0,CN,CNY
603019.SH,2024-01-15,33.97,34.11,32.53,32.62,,500976.0,CN,CNY
603019.SH,2024-01-16,32.5,32.74,31.63,32.13,,435476.0,CN,CNY
603019.SH,2024-01-17,32.1,32.68,31.8,31.83,,281490.0,CN,CNY
603019.SH,2024-01-18,31.4,32.91,31.18,32.89,,458735.0,CN,CNY
603019.SH,2024-01-19,32.68,33.2,32.5,32.51,,307947.0,CN,CNY
603019.SH,2024-01-22,32.91,33.3,31.56,32.0,,350340.0,CN,CNY
603019.SH,2024-01-23,31.7,33.68,31.7,33.4,,475287.0,CN,CNY
603019.SH,2024-01-24,33.44,33.73,32.36,33.64,,398674.0,CN,CNY
603019.SH,2024-01-25,33.61,35.19,33.21,34.99,,537115.0,CN,CNY
603019.SH,2024-01-26,34.88,34.97,33.88,33.99,,369727.0,CN,CNY
603019.SH,2024-01-29,34.14,34.63,33.1,33.61,,343518.0,CN,CNY
603019.SH,2024-01-30,33.2,34.09,32.68,32.86,,274132.0,CN,CNY
603019.SH,2024-01-31,32.66,32.84,31.31,31.35,,350634.0,CN,CNY
603019.SH,2024-02-01,31.0,32.9,30.34,31.98,,363368.0,CN,CNY
603019.SH,2024-02-02,31.9,32.3,29.0,30.79,,461567.0,CN,CNY
603019.SH,2024-02-05,30.3,31.41,28.72,30.1,,409965.0,CN,CNY
603019.SH,2024-02-06,29.55,32.83,29.51,32.4,,439360.0,CN,CNY
603019.SH,2024-02-07,32.3,33.38,32.1,32.65,,405647.0,CN,CNY
603019.SH,2024-02-08,33.2,34.25,33.18,34.0,,420773.0,CN,CNY
603019.SH,2024-02-19,36.01,37.4,35.18,37.4,,865297.0,CN,CNY
603019.SH,2024-02-20,36.9,37.45,36.48,36.58,,683703.0,CN,CNY
603019.SH,2024-02-21,35.86,37.1,35.71,36.12,,497427.0,CN,CNY
603019.SH,2024-02-22,38.5,39.73,38.49,39.14,,1201171.0,CN,CNY
603019.SH,2024-02-23,39.73,39.87,38.86,39.32,,901236.0,CN,CNY
603019.SH,2024-02-26,39.47,42.8,39.18,41.69,,1141289.0,CN,CNY
603019.SH,2024-02-27,41.07,45.86,40.8,45.86,,895780.0,CN,CNY
603019.SH,2024-02-28,50.21,50.45,47.54,47.56,,2620772.0,CN,CNY
603019.SH,2024-02-29,48.56,51.36,47.8,49.71,,2348190.0,CN,CNY
603019.SH,2024-03-01,48.95,54.0,48.71,53.5,,2145321.0,CN,CNY
603019.SH,2024-03-04,54.8,54.8,51.87,53.92,,1862161.0,CN,CNY
603019.SH,2024-03-05,52.59,56.8,51.8,52.94,,1858704.0,CN,CNY
603019.SH,2024-03-06,52.1,55.4,51.68,54.5,,1713587.0,CN,CNY
603019.SH,2024-03-07,54.01,54.65,51.8,52.07,,1465635.0,CN,CNY
603019.SH,2024-03-08,52.6,53.58,51.76,53.15,,1186345.0,CN,CNY
603019.SH,2024-03-11,51.8,55.12,51.6,55.12,,1426591.0,CN,CNY
603019.SH,2024-03-12,54.9,54.97,52.7,53.2,,1183153.0,CN,CNY
603019.SH,2024-03-13,54.02,54.24,51.56,51.62,,1224540.0,CN,CNY
603019.SH,2024-03-14,50.6,53.07,50.59,52.3,,1183551.0,CN,CNY
603019.SH,2024-03-15,52.03,52.55,50.87,52.46,,873247.0,CN,CNY
603019.SH,2024-03-18,52.3,53.71,51.98,53.3,,1177212.0,CN,CNY
603019.SH,2024-03-19,52.8,54.1,52.08,52.43,,874828.0,CN,CNY
603019.SH,2024-03-20,52.3,54.93,52.3,53.42,,1173258.0,CN,CNY
603019.SH,2024-03-21,53.08,54.02,52.18,52.26,,803350.0,CN,CNY
603019.SH,2024-03-22,52.3,54.68,52.3,54.09,,1408077.0,CN,CNY
603019.SH,2024-03-25,54.0,54.37,51.77,51.77,,1118744.0,CN,CNY
603019.SH,2024-03-26,51.63,52.93,48.38,48.77,,1458728.0,CN,CNY
603019.SH,2024-03-27,48.71,49.17,46.88,47.05,,930351.0,CN,CNY
603019.SH,2024-03-28,47.3,49.92,47.12,48.87,,1103207.0,CN,CNY
603019.SH,2024-03-29,48.37,48.49,46.85,47.75,,688075.0,CN,CNY
603019.SH,2024-04-01,48.35,49.5,47.98,48.89,,690567.0,CN,CNY
603019.SH,2024-04-02,48.75,49.06,47.18,47.54,,576369.0,CN,CNY
603019.SH,2024-04-03,47.25,47.45,45.89,46.05,,576502.0,CN,CNY
603019.SH,2024-04-08,45.8,46.9,45.79,45.9,,412734.0,CN,CNY
603019.SH,2024-04-09,45.9,46.07,44.68,45.48,,478818.0,CN,CNY
603019.SH,2024-04-10,45.4,45.4,43.71,43.93,,460364.0,CN,CNY
603019.SH,2024-04-11,43.96,45.17,43.95,44.38,,482854.0,CN,CNY
603019.SH,2024-04-12,45.04,46.19,45.0,45.0,,592906.0,CN,CNY
603019.SH,2024-04-15,45.02,46.19,44.73,45.6,,582599.0,CN,CNY
603019.SH,2024-04-16,45.1,47.37,44.85,46.01,,894511.0,CN,CNY
603019.SH,2024-04-17,46.53,48.0,45.8,47.99,,896397.0,CN,CNY
603019.SH,2024-04-18,47.18,47.89,46.22,46.75,,799053.0,CN,CNY
603019.SH,2024-04-19,46.35,46.69,44.31,44.67,,769633.0,CN,CNY
603019.SH,2024-04-22,42.2,42.98,41.93,42.51,,718340.0,CN,CNY
603019.SH,2024-04-23,42.88,43.12,41.8,41.88,,450558.0,CN,CNY
603019.SH,2024-04-24,42.4,44.44,42.12,44.21,,692655.0,CN,CNY
603019.SH,2024-04-25,43.79,44.82,43.58,44.19,,425567.0,CN,CNY
603019.SH,2024-04-26,44.81,47.0,44.81,46.59,,857434.0,CN,CNY
603019.SH,2024-04-29,47.14,48.22,46.88,47.77,,732785.0,CN,CNY
603019.SH,2024-04-30,48.0,48.66,46.79,47.68,,716256.0,CN,CNY
603019.SH,2024-05-06,48.62,48.65,46.88,47.21,,533740.0,CN,CNY
603019.SH,2024-05-07,47.3,47.66,45.92,46.28,,549856.0,CN,CNY
603019.SH,2024-05-08,46.02,46.73,45.56,46.09,,352290.0,CN,CNY
603019.SH,2024-05-09,46.11,46.5,45.55,46.5,,447618.0,CN,CNY
603019.SH,2024-05-10,46.3,46.35,44.31,44.5,,623749.0,CN,CNY
603019.SH,2024-05-13,44.1,44.58,43.42,43.59,,377971.0,CN,CNY
603019.SH,2024-05-14,43.86,44.38,43.44,44.23,,351395.0,CN,CNY
603019.SH,2024-05-15,44.01,44.53,43.53,43.77,,311629.0,CN,CNY
603019.SH,2024-05-16,44.41,45.3,43.92,44.53,,590214.0,CN,CNY
603019.SH,2024-05-17,44.1,44.4,43.58,44.22,,365430.0,CN,CNY
603019.SH,2024-05-20,43.9,44.95,43.41,44.55,,462990.0,CN,CNY
603019.SH,2024-05-21,44.63,44.95,43.83,43.88,,296624.0,CN,CNY
603019.SH,2024-05-22,43.79,44.09,43.5,43.89,,241930.0,CN,CNY
603019.SH,2024-05-23,44.23,44.3,42.45,42.65,,418900.0,CN,CNY
603019.SH,2024-05-24,42.65,43.12,41.35,41.35,,415192.0,CN,CNY
603019.SH,2024-05-27,41.39,42.17,40.71,42.17,,390834.0,CN,CNY
603019.SH,2024-05-28,41.97,42.29,41.09,41.15,,284395.0,CN,CNY
603019.SH,2024-05-29,41.4,41.56,40.13,40.58,,345946.0,CN,CNY
603019.SH,2024-05-30,40.25,40.76,39.79,40.4,,249240.0,CN,CNY
603019.SH,2024-05-31,40.47,41.68,40.31,40.87,,309811.0,CN,CNY
603019.SH,2024-06-03,40.88,41.29,40.35,40.78,,290386.0,CN,CNY
603019.SH,2024-06-04,40.8,40.99,40.0,40.56,,267803.0,CN,CNY
603019.SH,2024-06-05,40.6,40.89,39.87,39.93,,232705.0,CN,CNY
603019.SH,2024-06-06,40.1,41.28,39.77,40.02,,468422.0,CN,CNY
603019.SH,2024-06-07,40.06,40.12,38.48,38.85,,451072.0,CN,CNY
603019.SH,2024-06-11,38.73,40.08,38.5,39.99,,396550.0,CN,CNY
603019.SH,2024-06-12,39.87,40.65,39.79,40.29,,283448.0,CN,CNY
603019.SH,2024-06-13,40.29,41.41,40.29,40.84,,380984.0,CN,CNY
603019.SH,2024-06-14,40.55,42.5,40.52,42.26,,578391.0,CN,CNY
603019.SH,2024-06-17,42.18,42.2,41.42,41.75,,354874.0,CN,CNY
603019.SH,2024-06-18,41.58,43.5,41.51,42.69,,490593.0,CN,CNY
603019.SH,2024-06-19,42.74,43.65,42.52,42.52,,431984.0,CN,CNY
603019.SH,2024-06-20,42.04,42.05,40.96,40.97,,402184.0,CN,CNY
603019.SH,2024-06-21,40.54,41.43,40.12,41.26,,262076.0,CN,CNY
603019.SH,2024-06-24,41.0,41.21,39.65,39.76,,266520.0,CN,CNY
603019.SH,2024-06-25,39.8,39.87,38.01,38.49,,326724.0,CN,CNY
603019.SH,2024-06-26,38.5,42.08,38.46,41.83,,508693.0,CN,CNY
603019.SH,2024-06-27,41.55,42.07,41.02,41.08,,410632.0,CN,CNY
603019.SH,2024-06-28,40.81,42.21,40.75,41.5,,398837.0,CN,CNY
603019.SH,2024-07-01,41.45,41.79,40.29,41.43,,349276.0,CN,CNY
603019.SH,2024-07-02,41.16,41.64,40.26,40.59,,263648.0,CN,CNY
603019.SH,2024-07-03,40.56,40.63,39.43,40.01,,228141.0,CN,CNY
603019.SH,2024-07-04,40.46,40.47,39.16,39.2,,212575.0,CN,CNY
603019.SH,2024-07-05,39.3,40.38,39.22,39.68,,290516.0,CN,CNY
603019.SH,2024-07-08,39.55,39.56,38.5,38.75,,256539.0,CN,CNY
603019.SH,2024-07-09,38.8,40.55,38.38,40.4,,446487.0,CN,CNY
603019.SH,2024-07-10,40.1,40.62,40.02,40.15,,258709.0,CN,CNY
603019.SH,2024-07-11,40.96,41.25,40.17,41.24,,439476.0,CN,CNY
603019.SH,2024-07-12,40.92,40.92,40.21,40.42,,253144.0,CN,CNY
603019.SH,2024-07-15,40.15,40.7,39.83,40.28,,183647.0,CN,CNY
603019.SH,2024-07-16,40.06,42.92,39.91,42.3,,697330.0,CN,CNY
603019.SH,2024-07-17,42.06,43.29,41.78,41.85,,541307.0,CN,CNY
603019.SH,2024-07-18,41.31,41.7,39.88,41.23,,497395.0,CN,CNY
603019.SH,2024-07-19,41.01,44.18,41.01,43.52,,884492.0,CN,CNY
603019.SH,2024-07-22,44.16,45.51,43.56,44.43,,909672.0,CN,CNY
603019.SH,2024-07-23,44.63,45.19,43.0,43.1,,646153.0,CN,CNY
603019.SH,2024-07-24,43.06,44.56,43.06,43.49,,597545.0,CN,CNY
603019.SH,2024-07-25,42.81,44.28,42.7,43.54,,518740.0,CN,CNY
603019.SH,2024-07-26,43.21,43.81,41.93,42.89,,528975.0,CN,CNY
603019.SH,2024-07-29,42.91,42.98,42.0,42.0,,327596.0,CN,CNY
603019.SH,2024-07-30,41.53,42.0,40.77,42.0,,342285.0,CN,CNY
603019.SH,2024-07-31,41.79,43.9,41.68,43.9,,533691.0,CN,CNY
603019.SH,2024-08-01,44.24,44.26,43.31,43.71,,411318.0,CN,CNY
603019.SH,2024-08-02,43.0,44.64,42.8,42.89,,432933.0,CN,CNY
603019.SH,2024-08-05,42.0,42.89,40.5,40.5,,477129.0,CN,CNY
603019.SH,2024-08-06,41.3,41.48,40.08,41.11,,319584.0,CN,CNY
603019.SH,2024-08-07,40.95,41.19,38.9,39.41,,407821.0,CN,CNY
603019.SH,2024-08-08,38.99,39.81,38.5,39.16,,292894.0,CN,CNY
603019.SH,2024-08-09,39.69,39.85,38.97,38.99,,196396.0,CN,CNY
603019.SH,2024-08-12,38.9,39.3,38.55,38.94,,170210.0,CN,CNY
603019.SH,2024-08-13,39.03,39.52,38.91,39.5,,169457.0,CN,CNY
603019.SH,2024-08-14,39.84,39.84,39.06,39.11,,138747.0,CN,CNY
603019.SH,2024-08-15,38.51,39.99,38.49,39.49,,259556.0,CN,CNY
603019.SH,2024-08-16,39.5,39.98,39.3,39.54,,186334.0,CN,CNY
603019.SH,2024-08-19,39.55,40.47,39.38,40.0,,206497.0,CN,CNY
603019.SH,2024-08-20,40.0,40.01,38.88,39.02,,209447.0,CN,CNY
603019.SH,2024-08-21,38.81,39.38,38.81,39.0,,137136.0,CN,CNY
603019.SH,2024-08-22,39.08,39.3,36.37,36.51,,489856.0,CN,CNY
603019.SH,2024-08-23,36.52,37.03,35.79,36.38,,345197.0,CN,CNY
603019.SH,2024-08-26,36.4,36.58,35.16,35.68,,314781.0,CN,CNY
603019.SH,2024-08-27,35.45,35.55,34.83,35.01,,208373.0,CN,CNY
603019.SH,2024-08-28,35.01,35.48,34.82,35.3,,168931.0,CN,CNY
603019.SH,2024-08-29,35.11,36.02,34.89,35.58,,224848.0,CN,CNY
603019.SH,2024-08-30,35.58,37.28,35.5,36.88,,365379.0,CN,CNY
603019.SH,2024-09-02,36.87,37.07,35.61,35.63,,239585.0,CN,CNY
603019.SH,2024-09-03,35.63,36.12,35.46,35.85,,150839.0,CN,CNY
603019.SH,2024-09-04,35.3,35.75,35.16,35.46,,133841.0,CN,CNY
603019.SH,2024-09-05,35.59,36.25,35.55,35.71,,151854.0,CN,CNY
603019.SH,2024-09-06,35.65,35.98,34.07,34.32,,287804.0,CN,CNY
603019.SH,2024-09-09,34.18,34.6,34.1,34.52,,149419.0,CN,CNY
603019.SH,2024-09-10,34.52,36.54,34.24,35.97,,312971.0,CN,CNY
603019.SH,2024-09-11,35.6,36.14,35.58,36.07,,172889.0,CN,CNY
603019.SH,2024-09-12,36.19,36.68,35.74,35.76,,183771.0,CN,CNY
603019.SH,2024-09-13,35.79,36.16,35.33,35.46,,149741.0,CN,CNY
603019.SH,2024-09-18,35.46,35.79,35.03,35.57,,146116.0,CN,CNY
603019.SH,2024-09-19,35.8,36.63,35.35,36.3,,238216.0,CN,CNY
603019.SH,2024-09-20,36.3,36.76,36.13,36.59,,228889.0,CN,CNY
603019.SH,2024-09-23,36.36,37.3,36.3,36.36,,224221.0,CN,CNY
603019.SH,2024-09-24,36.6,38.31,35.9,38.23,,474391.0,CN,CNY
603019.SH,2024-09-25,38.6,39.74,38.2,38.3,,516989.0,CN,CNY
603019.SH,2024-09-26,38.25,39.66,38.03,39.62,,398354.0,CN,CNY
603019.SH,2024-09-27,40.28,43.55,39.87,43.38,,541079.0,CN,CNY
603019.SH,2024-09-30,46.1,47.72,45.42,47.72,,1048027.0,CN,CNY
603019.SH,2024-10-08,52.49,52.49,50.1,52.49,,727520.0,CN,CNY
603019.SH,2024-10-09,54.0,57.74,52.9,55.95,,2112514.0,CN,CNY
603019.SH,2024-10-10,56.0,56.5,50.4,52.51,,1333839.0,CN,CNY
603019.SH,2024-10-11,51.45,53.55,50.52,51.01,,920692.0,CN,CNY
603019.SH,2024-10-14,51.26,52.09,48.75,52.0,,958240.0,CN,CNY
603019.SH,2024-10-15,52.0,54.1,51.15,51.19,,918934.0,CN,CNY
603019.SH,2024-10-16,48.99,50.26,48.66,49.01,,799001.0,CN,CNY
603019.SH,2024-10-17,50.7,53.85,50.26,52.02,,1434236.0,CN,CNY
603019.SH,2024-10-18,51.5,56.88,51.35,55.22,,1497897.0,CN,CNY
603019.SH,2024-10-21,56.5,59.11,56.16,56.37,,1586226.0,CN,CNY
603019.SH,2024-10-22,55.0,56.1,54.42,55.22,,891361.0,CN,CNY
603019.SH,2024-10-23,55.25,56.2,54.13,54.46,,827381.0,CN,CNY
603019.SH,2024-10-24,53.97,55.29,53.75,54.6,,557870.0,CN,CNY
603019.SH,2024-10-25,55.0,55.12,53.73,54.42,,574602.0,CN,CNY
603019.SH,2024-10-28,54.42,54.78,53.77,54.23,,477718.0,CN,CNY
603019.SH,2024-10-29,54.32,59.65,54.09,59.65,,1949009.0,CN,CNY
603019.SH,2024-10-30,59.67,59.67,56.88,58.47,,1531573.0,CN,CNY
603019.SH,2024-10-31,58.48,63.15,57.36,61.2,,1714891.0,CN,CNY
603019.SH,2024-11-01,60.02,65.77,60.0,60.45,,1565263.0,CN,CNY
603019.SH,2024-11-04,60.64,66.5,59.07,66.5,,1413367.0,CN,CNY
603019.SH,2024-11-05,68.01,73.15,66.6,71.73,,1893259.0,CN,CNY
603019.SH,2024-11-06,71.89,74.9,68.96,72.11,,1680654.0,CN,CNY
603019.SH,2024-11-07,70.5,77.3,69.1,75.6,,1419275.0,CN,CNY
603019.SH,2024-11-08,76.01,82.5,76.01,79.44,,1424103.0,CN,CNY
603019.SH,2024-11-11,79.85,87.38,79.85,87.38,,1654755.0,CN,CNY
603019.SH,2024-11-12,89.93,89.93,81.01,83.9,,1867924.0,CN,CNY
603019.SH,2024-11-13,81.91,85.59,81.58,82.7,,1108986.0,CN,CNY
603019.SH,2024-11-14,81.2,81.2,76.55,76.86,,1419799.0,CN,CNY
603019.SH,2024-11-15,76.0,76.9,71.98,72.53,,1515401.0,CN,CNY
603019.SH,2024-11-18,72.53,73.93,70.2,71.35,,1096341.0,CN,CNY
603019.SH,2024-11-19,70.9,78.42,69.85,77.19,,1460370.0,CN,CNY
603019.SH,2024-11-20,75.88,80.89,74.9,77.7,,1325650.0,CN,CNY
603019.SH,2024-11-21,76.79,80.5,76.28,78.93,,1052848.0,CN,CNY
603019.SH,2024-11-22,78.91,79.88,74.58,74.85,,1000200.0,CN,CNY
603019.SH,2024-11-25,74.6,79.59,72.86,79.07,,1154215.0,CN,CNY
603019.SH,2024-11-26,78.28,79.04,76.02,76.04,,769733.0,CN,CNY
603019.SH,2024-11-27,74.56,78.98,73.7,78.48,,960959.0,CN,CNY
603019.SH,2024-11-28,78.48,86.0,78.01,81.74,,1511523.0,CN,CNY
603019.SH,2024-11-29,80.2,85.95,80.11,84.8,,1232981.0,CN,CNY
603019.SH,2024-12-02,84.8,86.84,82.67,83.8,,1129604.0,CN,CNY
603019.SH,2024-12-03,83.2,84.8,75.53,77.85,,1518061.0,CN,CNY
603019.SH,2024-12-04,77.3,79.1,76.4,78.0,,953055.0,CN,CNY
603019.SH,2024-12-05,77.2,77.5,75.2,75.95,,820594.0,CN,CNY
603019.SH,2024-12-06,76.06,78.57,75.74,76.99,,767835.0,CN,CNY
603019.SH,2024-12-09,77.0,77.14,74.36,74.99,,631128.0,CN,CNY
603019.SH,2024-12-10,78.81,79.05,74.6,74.94,,824031.0,CN,CNY
603019.SH,2024-12-11,74.11,74.8,72.9,73.72,,716034.0,CN,CNY
603019.SH,2024-12-12,73.95,75.79,72.5,74.79,,717016.0,CN,CNY
603019.SH,2024-12-13,73.9,74.26,71.79,71.93,,612949.0,CN,CNY
603019.SH,2024-12-16,71.92,73.1,71.11,71.39,,449606.0,CN,CNY
603019.SH,2024-12-17,71.56,72.72,71.14,71.45,,420176.0,CN,CNY
603019.SH,2024-12-18,71.72,72.46,71.13,71.89,,398513.0,CN,CNY
603019.SH,2024-12-19,71.01,77.18,70.8,76.26,,1133662.0,CN,CNY
603019.SH,2024-12-20,75.2,77.3,74.6,75.54,,780603.0,CN,CNY
603019.SH,2024-12-23,76.0,78.5,75.99,76.78,,909596.0,CN,CNY
603019.SH,2024-12-24,77.0,77.96,75.6,76.98,,617028.0,CN,CNY
603019.SH,2024-12-25,77.85,80.74,77.68,78.8,,1045983.0,CN,CNY
603019.SH,2024-12-26,77.8,79.99,77.19,79.01,,821767.0,CN,CNY
603019.SH,2024-12-27,79.02,79.39,74.59,74.84,,1051070.0,CN,CNY
603019.SH,2024-12-30,74.84,75.93,73.8,74.04,,631856.0,CN,CNY
603019.SH,2024-12-31,74.17,74.2,72.13,72.32,,519071.0,CN,CNY
603019.SH,2025-01-02,72.2,72.2,67.01,67.95,,898995.0,CN,CNY
603019.SH,2025-01-03,67.42,67.79,64.78,64.82,,683665.0,CN,CNY
603019.SH,2025-01-06,64.17,65.98,63.89,64.51,,445007.0,CN,CNY
603019.SH,2025-01-07,64.6,66.55,64.38,66.55,,582798.0,CN,CNY
603019.SH,2025-01-08,65.9,66.17,63.36,65.44,,601194.0,CN,CNY
603019.SH,2025-01-09,64.96,66.79,64.9,65.74,,457425.0,CN,CNY
603019.SH,2025-01-10,62.7,64.09,61.65,61.66,,913405.0,CN,CNY
603019.SH,2025-01-13,60.31,61.64,60.18,60.89,,427070.0,CN,CNY
603019.SH,2025-01-14,61.87,64.44,61.01,64.34,,726678.0,CN,CNY
603019.SH,2025-01-15,64.34,66.44,63.67,64.49,,665672.0,CN,CNY
603019.SH,2025-01-16,64.49,65.99,63.23,63.98,,509714.0,CN,CNY
603019.SH,2025-01-17,63.58,65.39,63.58,64.42,,405838.0,CN,CNY
603019.SH,2025-01-20,65.3,65.79,64.39,64.73,,361293.0,CN,CNY
603019.SH,2025-01-21,64.99,65.9,64.66,65.25,,421222.0,CN,CNY
603019.SH,2025-01-22,64.95,67.48,64.58,66.72,,756128.0,CN,CNY
603019.SH,2025-01-23,67.17,68.54,65.41,65.52,,693666.0,CN,CNY
603019.SH,2025-01-24,65.19,66.71,65.01,66.5,,427086.0,CN,CNY
603019.SH,2025-01-27,70.0,70.0,66.73,66.99,,732829.0,CN,CNY
603019.SH,2025-02-05,70.0,72.18,69.0,72.1,,1133787.0,CN,CNY
603019.SH,2025-02-06,72.71,73.68,70.67,73.0,,891983.0,CN,CNY
603019.SH,2025-02-07,73.21,78.78,72.58,75.02,,1400293.0,CN,CNY
603019.SH,2025-02-10,75.19,78.5,75.18,76.51,,1034590.0,CN,CNY
603019.SH,2025-02-11,76.0,77.0,74.25,74.96,,860064.0,CN,CNY
603019.SH,2025-02-12,74.4,75.44,74.07,74.82,,694133.0,CN,CNY
603019.SH,2025-02-13,74.9,75.14,72.34,72.5,,735626.0,CN,CNY
603019.SH,2025-02-14,72.3,74.5,72.08,73.98,,652651.0,CN,CNY
603019.SH,2025-02-17,76.0,78.7,75.32,76.15,,1022048.0,CN,CNY
603019.SH,2025-02-18,76.15,76.16,72.52,72.92,,710834.0,CN,CNY
603019.SH,2025-02-19,72.92,74.35,72.53,74.07,,500804.0,CN,CNY
603019.SH,2025-02-20,74.07,74.07,72.6,73.01,,452757.0,CN,CNY
603019.SH,2025-02-21,73.8,77.31,73.8,76.95,,1284417.0,CN,CNY
603019.SH,2025-02-24,77.6,78.33,76.0,77.29,,950086.0,CN,CNY
603019.SH,2025-02-25,75.82,78.0,75.5,76.1,,629796.0,CN,CNY
603019.SH,2025-02-26,76.69,78.5,75.2,78.2,,919676.0,CN,CNY
603019.SH,2025-02-27,78.98,79.01,75.5,76.39,,740434.0,CN,CNY
603019.SH,2025-02-28,75.5,75.98,71.47,71.74,,726439.0,CN,CNY
603019.SH,2025-03-03,71.73,72.3,69.81,70.48,,460213.0,CN,CNY
603019.SH,2025-03-04,69.5,71.43,69.23,71.19,,328403.0,CN,CNY
603019.SH,2025-03-05,71.48,72.19,70.5,71.62,,317819.0,CN,CNY
603019.SH,2025-03-06,72.33,74.0,72.33,73.49,,469456.0,CN,CNY
603019.SH,2025-03-07,73.52,73.93,71.65,72.08,,379725.0,CN,CNY
603019.SH,2025-03-10,71.79,72.28,70.5,71.03,,340819.0,CN,CNY
603019.SH,2025-03-11,69.64,70.8,69.49,70.72,,300157.0,CN,CNY
603019.SH,2025-03-12,71.1,72.69,71.1,71.82,,411314.0,CN,CNY
603019.SH,2025-03-13,71.68,71.7,69.72,70.04,,318776.0,CN,CNY
603019.SH,2025-03-14,69.99,72.11,69.78,71.42,,337335.0,CN,CNY
603019.SH,2025-03-17,71.51,72.1,71.0,71.31,,233187.0,CN,CNY
603019.SH,2025-03-18,71.41,72.18,71.2,71.44,,229008.0,CN,CNY
603019.SH,2025-03-19,71.2,71.2,70.08,70.49,,233286.0,CN,CNY
603019.SH,2025-03-20,70.49,70.66,69.9,70.06,,197442.0,CN,CNY
603019.SH,2025-03-21,69.76,69.8,67.14,67.2,,435434.0,CN,CNY
603019.SH,2025-03-24,67.21,67.76,65.25,66.87,,337629.0,CN,CNY
603019.SH,2025-03-25,66.89,66.9,65.35,65.53,,208878.0,CN,CNY
603019.SH,2025-03-26,65.43,66.17,65.2,65.33,,183836.0,CN,CNY
603019.SH,2025-03-27,65.33,66.39,65.21,65.71,,230836.0,CN,CNY
603019.SH,2025-03-28,65.91,66.77,65.36,66.08,,195956.0,CN,CNY
603019.SH,2025-03-31,65.41,66.5,64.52,66.36,,237314.0,CN,CNY
603019.SH,2025-04-01,66.66,66.77,65.88,65.89,,185951.0,CN,CNY
603019.SH,2025-04-02,65.68,66.2,65.34,65.47,,139706.0,CN,CNY
603019.SH,2025-04-03,65.02,65.96,64.6,65.22,,179911.0,CN,CNY
603019.SH,2025-04-07,60.97,62.83,58.7,59.4,,659961.0,CN,CNY
603019.SH,2025-04-08,59.6,61.57,59.58,61.25,,487303.0,CN,CNY
603019.SH,2025-04-09,60.5,65.34,60.01,64.6,,640548.0,CN,CNY
603019.SH,2025-04-10,66.2,66.48,64.4,65.28,,560090.0,CN,CNY
603019.SH,2025-04-11,65.2,66.39,64.44,65.46,,396984.0,CN,CNY
603019.SH,2025-04-14,66.0,66.2,65.4,65.5,,293544.0,CN,CNY
603019.SH,2025-04-15,65.49,66.48,64.39,65.62,,257718.0,CN,CNY
603019.SH,2025-04-16,65.99,66.14,65.09,65.9,,243763.0,CN,CNY
603019.SH,2025-04-17,65.37,66.1,65.17,65.5,,213557.0,CN,CNY
603019.SH,2025-04-18,65.22,65.22,63.32,65.05,,244936.0,CN,CNY
603019.SH,2025-04-21,64.88,65.23,64.6,65.05,,211850.0,CN,CNY
603019.SH,2025-04-22,64.89,64.9,63.81,63.92,,227375.0,CN,CNY
603019.SH,2025-04-23,64.24,64.45,62.58,63.39,,314288.0,CN,CNY
603019.SH,2025-04-24,63.1,63.18,62.0,62.05,,267172.0,CN,CNY
603019.SH,2025-04-25,62.3,62.53,61.88,62.07,,182935.0,CN,CNY
603019.SH,2025-04-28,62.1,63.35,62.1,62.18,,195477.0,CN,CNY
603019.SH,2025-04-29,62.22,62.44,61.57,62.25,,137358.0,CN,CNY
603019.SH,2025-04-30,62.31,63.74,62.31,63.32,,272132.0,CN,CNY
603019.SH,2025-05-06,63.97,65.12,63.74,65.1,,309844.0,CN,CNY
603019.SH,2025-05-07,66.18,66.3,64.46,65.09,,304576.0,CN,CNY
603019.SH,2025-05-08,64.8,65.3,64.58,65.17,,200343.0,CN,CNY
603019.SH,2025-05-09,65.18,65.19,64.11,64.39,,150570.0,CN,CNY
603019.SH,2025-05-12,64.78,65.38,64.62,64.99,,194752.0,CN,CNY
603019.SH,2025-05-13,65.45,65.56,64.36,64.4,,199931.0,CN,CNY
603019.SH,2025-05-14,64.58,65.1,64.29,64.79,,186364.0,CN,CNY
603019.SH,2025-05-15,64.8,64.81,62.97,63.34,,205101.0,CN,CNY
603019.SH,2025-05-16,63.2,63.55,62.72,62.84,,171076.0,CN,CNY
603019.SH,2025-05-19,62.95,63.24,62.56,63.14,,114303.0,CN,CNY
603019.SH,2025-05-20,63.18,63.55,62.81,63.28,,118770.0,CN,CNY
603019.SH,2025-05-21,63.46,63.46,62.88,62.96,,106679.0,CN,CNY
603019.SH,2025-05-22,63.0,63.2,62.39,62.46,,110178.0,CN,CNY
603019.SH,2025-05-23,62.45,63.31,61.9,61.9,,154570.0,CN,CNY
603019.SH,2025-06-10,68.09,68.09,68.09,68.09,,67196.0,CN,CNY
603019.SH,2025-06-11,73.0,73.11,69.01,69.56,,1296830.0,CN,CNY
603019.SH,2025-06-12,69.0,70.47,67.6,69.36,,650530.0,CN,CNY
603019.SH,2025-06-13,68.62,69.2,68.03,68.49,,398407.0,CN,CNY
603019.SH,2025-06-16,68.36,69.8,68.11,68.82,,267889.0,CN,CNY
603019.SH,2025-06-17,68.51,68.79,67.6,67.91,,231801.0,CN,CNY
603019.SH,2025-06-18,67.7,67.97,66.88,67.4,,203699.0,CN,CNY
603019.SH,2025-06-19,67.3,68.6,67.1,67.55,,244228.0,CN,CNY
603019.SH,2025-06-20,67.53,67.88,66.75,66.9,,163987.0,CN,CNY
603019.SH,2025-06-23,66.31,66.98,66.15,66.64,,152347.0,CN,CNY
603019.SH,2025-06-24,66.87,68.44,66.81,67.9,,307421.0,CN,CNY
603019.SH,2025-06-25,67.9,68.79,67.62,68.39,,280307.0,CN,CNY
603019.SH,2025-06-26,68.6,72.88,68.6,70.89,,944067.0,CN,CNY
603019.SH,2025-06-27,71.47,71.48,69.88,69.93,,381555.0,CN,CNY
603019.SH,2025-06-30,70.29,70.76,69.67,70.4,,224822.0,CN,CNY
603019.SH,2025-07-01,70.12,70.35,69.01,69.32,,232983.0,CN,CNY
603019.SH,2025-07-02,69.08,69.3,68.11,68.28,,189264.0,CN,CNY
603019.SH,2025-07-03,68.35,68.88,68.22,68.76,,153505.0,CN,CNY
603019.SH,2025-07-04,68.8,69.29,68.5,68.66,,160412.0,CN,CNY
603019.SH,2025-07-07,68.5,68.6,67.95,68.04,,143666.0,CN,CNY
603019.SH,2025-07-08,68.06,69.1,68.06,69.03,,197297.0,CN,CNY
603019.SH,2025-07-09,69.43,69.5,68.36,68.43,,180215.0,CN,CNY
603019.SH,2025-07-10,68.47,68.5,67.91,67.98,,174298.0,CN,CNY
603019.SH,2025-07-11,67.98,69.28,67.92,68.81,,265357.0,CN,CNY
603019.SH,2025-07-14,68.99,69.34,68.61,68.7,,136347.0,CN,CNY
603019.SH,2025-07-15,68.72,70.45,68.53,69.72,,360094.0,CN,CNY
603019.SH,2025-07-16,69.87,70.41,69.31,69.69,,231899.0,CN,CNY
603019.SH,2025-07-17,69.6,69.89,69.06,69.82,,214364.0,CN,CNY
603019.SH,2025-07-18,69.92,70.11,69.43,69.51,,198598.0,CN,CNY
603019.SH,2025-07-21,69.5,69.72,69.23,69.4,,161421.0,CN,CNY
603019.SH,2025-07-22,69.49,69.81,68.72,68.87,,203237.0,CN,CNY
603019.SH,2025-07-23,68.87,69.12,68.55,68.65,,184272.0,CN,CNY
603019.SH,2025-07-24,68.8,69.23,68.52,69.1,,241759.0,CN,CNY
603019.SH,2025-07-25,69.2,70.66,68.91,70.36,,476846.0,CN,CNY
603019.SH,2025-07-28,70.66,70.66,69.17,69.38,,331915.0,CN,CNY
603019.SH,2025-07-29,69.18,70.5,68.7,70.35,,407996.0,CN,CNY
603019.SH,2025-07-30,70.09,70.09,68.94,69.06,,285297.0,CN,CNY
603019.SH,2025-07-31,69.08,70.13,68.71,68.96,,370785.0,CN,CNY
603019.SH,2025-08-01,69.06,69.52,67.89,68.09,,273963.0,CN,CNY
603019.SH,2025-08-04,67.8,69.98,67.71,69.34,,285787.0,CN,CNY
603019.SH,2025-08-05,69.1,69.25,68.78,69.23,,159581.0,CN,CNY
603019.SH,2025-08-06,69.35,69.35,68.4,68.92,,234990.0,CN,CNY
603019.SH,2025-08-07,68.92,69.32,68.52,68.6,,207028.0,CN,CNY
603019.SH,2025-08-08,68.66,68.77,68.05,68.08,,177366.0,CN,CNY
603019.SH,2025-08-11,68.0,68.33,67.96,68.21,,145583.0,CN,CNY
603019.SH,2025-08-12,68.23,69.72,68.01,69.13,,410791.0,CN,CNY
603019.SH,2025-08-13,69.2,70.0,69.2,69.73,,453940.0,CN,CNY
603019.SH,2025-08-14,70.0,76.69,69.79,74.08,,1402499.0,CN,CNY
603019.SH,2025-08-15,73.18,74.23,72.91,73.64,,642295.0,CN,CNY
603019.SH,2025-08-18,74.24,75.5,73.73,74.5,,724443.0,CN,CNY
603019.SH,2025-08-19,74.5,75.24,73.0,73.01,,649769.0,CN,CNY
603019.SH,2025-08-20,72.74,76.34,72.0,76.14,,1009156.0,CN,CNY
603019.SH,2025-08-21,76.14,77.62,74.8,75.3,,734991.0,CN,CNY
603019.SH,2025-08-22,76.61,82.83,76.61,82.83,,1298995.0,CN,CNY
603019.SH,2025-08-25,91.11,91.11,91.11,91.11,,174885.0,CN,CNY
603019.SH,2025-08-26,93.84,93.98,89.26,91.32,,2121721.0,CN,CNY
603019.SH,2025-08-27,93.4,93.8,88.31,88.7,,1412015.0,CN,CNY
603019.SH,2025-08-28,87.88,92.83,87.88,92.51,,1271432.0,CN,CNY
603019.SH,2025-08-29,91.0,91.3,87.4,88.5,,1173172.0,CN,CNY
603019.SH,2025-09-01,89.51,93.78,87.99,92.14,,1166038.0,CN,CNY
603019.SH,2025-09-02,91.05,95.48,89.0,90.02,,1107061.0,CN,CNY
603019.SH,2025-09-03,89.55,90.12,86.01,87.03,,746697.0,CN,CNY
603019.SH,2025-09-04,87.1,87.58,78.33,79.48,,1133264.0,CN,CNY
603019.SH,2025-09-05,79.59,82.95,78.03,82.44,,682445.0,CN,CNY
603019.SH,2025-09-08,85.0,85.0,82.91,83.99,,558896.0,CN,CNY
603019.SH,2025-09-09,82.5,83.44,80.8,81.14,,415762.0,CN,CNY
603019.SH,2025-09-10,82.5,85.6,82.49,83.72,,717331.0,CN,CNY
603019.SH,2025-09-11,84.5,92.09,83.2,92.09,,895212.0,CN,CNY
603019.SH,2025-09-12,94.98,100.0,93.9,97.97,,1668195.0,CN,CNY
603019.SH,2025-09-15,101.0,104.58,99.57,102.46,,1161041.0,CN,CNY
603019.SH,2025-09-16,106.0,112.71,106.0,111.48,,1492789.0,CN,CNY
603019.SH,2025-09-17,108.14,109.75,105.25,108.49,,1187211.0,CN,CNY
603019.SH,2025-09-18,110.88,117.88,107.41,109.92,,1543474.0,CN,CNY
603019.SH,2025-09-19,109.99,112.8,106.0,106.83,,866699.0,CN,CNY
603019.SH,2025-09-22,107.8,117.51,106.0,117.51,,1203690.0,CN,CNY
603019.SH,2025-09-23,118.0,120.49,112.21,114.73,,1168141.0,CN,CNY
603019.SH,2025-09-24,115.09,119.0,113.16,117.55,,870959.0,CN,CNY
603019.SH,2025-09-25,117.99,127.68,117.56,125.5,,976016.0,CN,CNY
603019.SH,2025-09-26,122.99,125.2,119.6,120.44,,782748.0,CN,CNY
603019.SH,2025-09-29,120.46,121.2,115.0,120.55,,750565.0,CN,CNY
603019.SH,2025-09-30,122.5,123.0,118.35,119.25,,530807.0,CN,CNY
603019.SH,2025-10-09,121.86,128.12,121.86,123.16,,757577.0,CN,CNY
603019.SH,2025-10-10,120.6,121.0,111.94,113.36,,878684.0,CN,CNY
603019.SH,2025-10-13,107.33,115.52,107.33,114.68,,580225.0,CN,CNY
603019.SH,2025-10-14,115.78,116.15,104.6,105.5,,814789.0,CN,CNY
603019.SH,2025-10-15,105.65,110.9,104.94,110.33,,565561.0,CN,CNY
603019.SH,2025-10-16,107.12,109.57,106.67,107.58,,363430.0,CN,CNY
603019.SH,2025-10-17,107.57,108.19,103.7,104.75,,444107.0,CN,CNY
603019.SH,2025-10-20,107.13,108.06,104.26,104.95,,388470.0,CN,CNY
603019.SH,2025-10-21,105.71,109.15,104.52,108.21,,488770.0,CN,CNY
603019.SH,2025-10-22,107.02,111.46,106.66,109.65,,515678.0,CN,CNY
603019.SH,2025-10-23,108.5,109.5,105.0,107.56,,340653.0,CN,CNY
603019.SH,2025-10-24,109.53,114.88,108.41,113.92,,629971.0,CN,CNY
603019.SH,2025-10-27,116.31,116.66,113.01,115.0,,559141.0,CN,CNY
603019.SH,2025-10-28,113.93,115.49,112.77,113.5,,395345.0,CN,CNY
603019.SH,2025-10-29,113.89,116.6,112.8,114.33,,472435.0,CN,CNY
603019.SH,2025-10-30,114.53,115.33,110.33,110.65,,575317.0,CN,CNY
603019.SH,2025-10-31,111.0,111.39,105.51,106.45,,508978.0,CN,CNY
603019.SH,2025-11-03,105.01,106.88,103.88,106.46,,333328.0,CN,CNY
603019.SH,2025-11-04,106.88,109.95,106.26,107.22,,345471.0,CN,CNY
603019.SH,2025-11-05,104.38,107.29,103.3,106.62,,348054.0,CN,CNY
603019.SH,2025-11-06,108.0,116.44,108.0,114.5,,803173.0,CN,CNY
603019.SH,2025-11-07,112.6,113.32,110.07,111.16,,453047.0,CN,CNY
603019.SH,2025-11-10,111.2,111.21,104.87,106.9,,479347.0,CN,CNY
603019.SH,2025-11-11,108.05,110.9,105.73,106.01,,314454.0,CN,CNY
603019.SH,2025-11-12,105.0,105.76,103.5,104.54,,299623.0,CN,CNY
603019.SH,2025-11-13,104.55,106.38,103.58,105.55,,270875.0,CN,CNY
603019.SH,2025-11-14,103.0,103.57,100.69,100.7,,386534.0,CN,CNY
603019.SH,2025-11-17,100.31,103.3,99.84,100.85,,298649.0,CN,CNY
603019.SH,2025-11-18,100.0,102.4,99.5,100.43,,317047.0,CN,CNY
603019.SH,2025-11-19,99.9,101.41,99.24,99.99,,224331.0,CN,CNY
603019.SH,2025-11-20,102.0,102.78,99.96,99.96,,222446.0,CN,CNY
603019.SH,2025-11-21,97.98,98.8,95.67,95.77,,325677.0,CN,CNY
603019.SH,2025-11-24,96.02,96.85,92.34,95.6,,381246.0,CN,CNY
603019.SH,2025-11-25,96.55,97.18,94.68,95.18,,393542.0,CN,CNY
603019.SH,2025-11-26,95.0,99.23,93.88,97.77,,508140.0,CN,CNY
603019.SH,2025-11-27,99.22,104.01,99.0,99.13,,579471.0,CN,CNY
603019.SH,2025-11-28,98.14,99.34,96.94,99.16,,277516.0,CN,CNY
603019.SH,2025-12-01,102.3,102.3,99.0,101.13,,466022.0,CN,CNY
603019.SH,2025-12-02,100.26,100.76,98.85,99.61,,266033.0,CN,CNY
603019.SH,2025-12-03,99.62,100.26,97.6,98.03,,253018.0,CN,CNY
603019.SH,2025-12-04,97.01,100.7,96.0,99.83,,341703.0,CN,CNY
603019.SH,2025-12-05,98.59,99.63,96.8,98.93,,349978.0,CN,CNY
603019.SH,2025-12-08,98.93,102.2,98.6,101.33,,412133.0,CN,CNY
603019.SH,2025-12-09,100.3,102.28,99.92,100.13,,364088.0,CN,CNY
603019.SH,2025-12-10,90.12,91.78,90.12,90.12,,530194.0,CN,CNY
603019.SH,2025-12-11,89.02,90.92,88.46,89.63,,994955.0,CN,CNY
603019.SH,2025-12-12,88.82,88.99,86.13,88.95,,879232.0,CN,CNY
603019.SH,2025-12-15,87.94,88.66,85.43,85.48,,547567.0,CN,CNY
603019.SH,2025-12-16,85.48,85.68,82.3,82.72,,532672.0,CN,CNY
603019.SH,2025-12-17,83.49,86.2,82.95,85.98,,547740.0,CN,CNY
603019.SH,2025-12-18,84.8,86.6,84.7,84.88,,319415.0,CN,CNY
603019.SH,2025-12-19,85.97,87.3,85.35,85.85,,429430.0,CN,CNY
603019.SH,2025-12-22,86.99,88.2,86.85,87.43,,463855.0,CN,CNY
603019.SH,2025-12-23,87.42,88.4,86.5,87.66,,432596.0,CN,CNY
603019.SH,2025-12-24,87.67,88.0,86.66,87.15,,403364.0,CN,CNY
603019.SH,2025-12-25,87.18,87.5,86.0,86.68,,346928.0,CN,CNY
603019.SH,2025-12-26,86.77,86.78,85.21,85.81,,434407.0,CN,CNY
603019.SH,2025-12-29,85.81,86.75,85.0,85.19,,440161.0,CN,CNY
603019.SH,2025-12-30,85.0,86.82,84.77,85.39,,390378.0,CN,CNY
603019.SH,2025-12-31,85.41,87.0,84.58,85.64,,427985.0,CN,CNY
603019.SH,2026-01-05,85.82,87.96,85.82,87.8,,600295.0,CN,CNY
603019.SH,2026-01-06,88.0,91.41,87.6,89.47,,710008.0,CN,CNY
603019.SH,2026-01-07,89.5,90.24,88.43,89.14,,470228.0,CN,CNY
603019.SH,2026-01-08,89.5,95.93,89.5,93.0,,996765.0,CN,CNY
603019.SH,2026-01-09,93.0,93.79,91.25,93.34,,645110.0,CN,CNY
603019.SH,2026-01-12,93.64,96.87,92.89,95.99,,775388.0,CN,CNY
603019.SH,2026-01-13,96.02,96.68,91.42,91.5,,712019.0,CN,CNY
603019.SH,2026-01-14,91.5,94.99,91.41,93.43,,733865.0,CN,CNY
603019.SH,2026-01-15,93.01,93.98,91.81,93.11,,451272.0,CN,CNY
603019.SH,2026-01-16,93.98,94.63,92.2,93.48,,499663.0,CN,CNY
603019.SH,2026-01-19,94.35,95.08,92.71,94.24,,526473.0,CN,CNY
603019.SH,2026-01-20,94.2,95.94,91.6,91.86,,508470.0,CN,CNY
603019.SH,2026-01-21,91.28,98.88,91.17,98.23,,1242779.0,CN,CNY
603019.SH,2026-01-22,101.0,102.88,96.4,96.95,,911615.0,CN,CNY
603019.SH,2026-01-23,95.98,96.95,94.5,95.91,,599049.0,CN,CNY
603019.SH,2026-01-26,96.28,96.95,93.02,93.23,,530269.0,CN,CNY
603019.SH,2026-01-27,93.25,93.58,90.83,92.78,,411272.0,CN,CNY
603019.SH,2026-01-28,93.29,93.74,91.0,91.56,,425649.0,CN,CNY
603019.SH,2026-01-29,91.55,92.17,89.58,89.61,,459299.0,CN,CNY
603019.SH,2026-01-30,89.35,90.4,87.1,89.77,,398622.0,CN,CNY
603019.SH,2026-02-02,89.0,89.76,87.1,87.17,,292699.0,CN,CNY
603019.SH,2026-02-03,87.88,88.5,86.25,87.75,,297012.0,CN,CNY
603019.SH,2026-02-04,87.3,87.3,85.62,86.23,,289709.0,CN,CNY
603019.SH,2026-02-05,85.12,86.11,85.03,85.4,,167506.0,CN,CNY
603019.SH,2026-02-06,85.4,87.44,85.05,86.79,,292507.0,CN,CNY
603019.SH,2026-02-09,90.0,91.33,88.64,91.23,,500588.0,CN,CNY
603019.SH,2026-02-10,91.23,93.0,90.98,91.2,,421510.0,CN,CNY
603019.SH,2026-02-11,91.26,91.28,89.2,89.38,,288097.0,CN,CNY
603019.SH,2026-02-12,90.38,92.22,89.72,92.12,,409012.0,CN,CNY
603019.SH,2026-02-13,91.0,92.73,90.6,91.7,,334841.0,CN,CNY
603019.SH,2026-02-24,93.5,93.87,91.2,91.5,,322301.0,CN,CNY
603019.SH,2026-02-25,91.0,91.69,89.89,90.62,,340780.0,CN,CNY
603019.SH,2026-02-26,90.83,92.51,89.9,92.03,,385376.0,CN,CNY
